,id,count,model,trade_count,winning_ratio,mean_gain,mean_loss,payoff_ratio,sum_gain,sum_loss,profit_factor,
0,005930,20,lg,25,0.64,1150,1255.555556,0.915929204,18400,11300,1.628318584,1.704761905
1,005930,20,dt,31,0.483870968,973.3333333,1793.75,0.542624855,14600,28700,0.508710801,
2,005930,20,rf,38,0.552631579,1276.190476,1205.882353,1.058304297,26800,20500,1.307317073,
3,005930,20,xg,37,0.378378378,1228.571429,942.8571429,1.303030303,17200,19800,0.868686869,
0,005930,50,lg,10,0.2,2850,2225,1.280898876,5700,17800,0.320224719,
1,005930,50,dt,31,0.451612903,1100,1882.352941,0.584375,15400,32000,0.48125,
2,005930,50,rf,39,0.538461538,933.3333333,1411.111111,0.661417323,19600,25400,0.771653543,
3,005930,50,xg,9,0.333333333,1366.666667,2250,0.607407407,4100,13500,0.303703704,
0,005930,100,lg,28,0.5,1885.714286,1214.285714,1.552941176,26400,17000,1.552941176,
1,005930,100,dt,36,0.583333333,1438.095238,1440,0.998677249,30200,21600,1.398148148,
2,005930,100,rf,38,0.447368421,1452.941176,1447.619048,1.003676471,24700,30400,0.8125,
3,005930,100,xg,25,0.44,1609.090909,2284.615385,0.704315886,17700,29700,0.595959596,
0,005930,150,lg,24,0.5,1491.666667,954.5454545,1.562698413,17900,10500,1.704761905,
1,005930,150,dt,15,0.466666667,1842.857143,1500,1.228571429,12900,10500,1.228571429,
2,005930,150,rf,34,0.558823529,1552.631579,1720,0.902692778,29500,25800,1.143410853,
3,005930,150,xg,39,0.564102564,1381.818182,1687.5,0.818855219,30400,27000,1.125925926,
0,005930,200,lg,23,0.47826087,1427.272727,1316.666667,1.084004603,15700,15800,0.993670886,
1,005930,200,dt,26,0.269230769,1585.714286,1605.555556,0.987642116,11100,28900,0.384083045,
2,005930,200,rf,24,0.541666667,2192.307692,2200,0.996503497,28500,22000,1.295454545,
3,005930,200,xg,37,0.351351351,1030.769231,1145.833333,0.89958042,13400,27500,0.487272727,
0,005930,250,lg,24,0.458333333,1281.818182,1292.307692,0.991883117,14100,16800,0.839285714,
1,005930,250,dt,19,0.421052632,2087.5,1500,1.391666667,16700,16500,1.012121212,
2,005930,250,rf,37,0.486486486,1527.777778,2058.823529,0.742063492,27500,35000,0.785714286,
3,005930,250,xg,27,0.481481481,623.0769231,1592.857143,0.391169369,8100,22300,0.3632287,
0,000660,20,lg,26,0.384615385,1620,1792.307692,0.903862661,16200,23300,0.69527897,3.901639344
1,000660,20,dt,46,0.413043478,978.9473684,973.0769231,1.006032869,18600,25300,0.735177866,
2,000660,20,rf,32,0.46875,1440,1582.352941,0.910037175,21600,26900,0.802973978,
3,000660,20,xg,31,0.35483871,1009.090909,1305.882353,0.772727273,11100,22200,0.5,
0,000660,50,lg,11,0.272727273,1100,900,1.222222222,3300,6300,0.523809524,
1,000660,50,dt,23,0.565217391,1830.769231,762.5,2.401008827,23800,6100,3.901639344,
2,000660,50,rf,45,0.577777778,1007.692308,1605.555556,0.627628427,26200,28900,0.906574394,
3,000660,50,xg,28,0.428571429,1000,793.75,1.25984252,12000,12700,0.94488189,
0,000660,100,lg,25,0.44,1890.909091,1315.384615,1.437533227,20800,17100,1.216374269,
1,000660,100,dt,37,0.486486486,1500,1553.333333,0.965665236,27000,23300,1.158798283,
2,000660,100,rf,34,0.470588235,1700,1700,1,27200,27200,1,
3,000660,100,xg,29,0.448275862,1307.692308,1757.142857,0.744215134,17000,24600,0.691056911,
0,000660,150,lg,20,0.5,2320,1590,1.459119497,23200,15900,1.459119497,
1,000660,150,dt,44,0.386363636,1182.352941,1016,1.16373321,20100,25400,0.791338583,
2,000660,150,rf,33,0.515151515,1317.647059,1662.5,0.792569659,22400,26600,0.842105263,
3,000660,150,xg,28,0.428571429,1941.666667,2193.333333,0.885258359,23300,32900,0.708206687,
0,000660,200,lg,20,0.5,2320,1590,1.459119497,23200,15900,1.459119497,
1,000660,200,dt,23,0.391304348,2111.111111,1823.076923,1.157993436,19000,23700,0.801687764,
2,000660,200,rf,31,0.516129032,1068.75,1850,0.577702703,17100,25900,0.66023166,
3,000660,200,xg,35,0.485714286,1211.764706,1950,0.621417798,20600,31200,0.66025641,
0,000660,250,lg,24,0.5,2033.333333,1491.666667,1.363128492,24400,17900,1.363128492,
1,000660,250,dt,19,0.368421053,1800,2077.777778,0.86631016,12600,18700,0.673796791,
2,000660,250,rf,30,0.4,1225,1352.941176,0.905434783,14700,23000,0.639130435,
3,000660,250,xg,39,0.435897436,1158.823529,1185,0.977910151,19700,23700,0.831223629,
0,207940,20,lg,30,0.6,2005.555556,1233.333333,1.626126126,36100,14800,2.439189189,2.847222222
1,207940,20,dt,18,0.5,1500,1411.111111,1.062992126,13500,12700,1.062992126,
2,207940,20,rf,33,0.363636364,808.3333333,1115.789474,0.724449686,9700,21200,0.45754717,
3,207940,20,xg,21,0.428571429,1388.888889,1227.272727,1.131687243,12500,13500,0.925925926,
0,207940,50,lg,18,0.444444444,1225,1600,0.765625,9800,12800,0.765625,
1,207940,50,dt,39,0.41025641,1175,1331.818182,0.88225256,18800,29300,0.641638225,
2,207940,50,rf,29,0.482758621,1450,826.6666667,1.754032258,20300,12400,1.637096774,
3,207940,50,xg,23,0.434782609,1160,966.6666667,1.2,11600,11600,1,
0,207940,100,lg,19,0.210526316,2600,1433.333333,1.813953488,10400,21500,0.48372093,
1,207940,100,dt,17,0.352941176,1533.333333,1563.636364,0.980620155,9200,17200,0.534883721,
2,207940,100,rf,27,0.444444444,1650,1107.142857,1.490322581,19800,15500,1.277419355,
3,207940,100,xg,17,0.588235294,1500,771.4285714,1.944444444,15000,5400,2.777777778,
0,207940,150,lg,32,0.375,1108.333333,2005.555556,0.552631579,13300,36100,0.368421053,
1,207940,150,dt,28,0.607142857,1205.882353,720,1.674836601,20500,7200,2.847222222,
2,207940,150,rf,41,0.414634146,1076.470588,939.1304348,1.14624183,18300,21600,0.847222222,
3,207940,150,xg,24,0.666666667,1043.75,857.1428571,1.217708333,16700,6000,2.783333333,
0,207940,200,lg,17,0.529411765,2055.555556,2757.142857,0.745538284,18500,19300,0.958549223,
1,207940,200,dt,18,0.333333333,2316.666667,1391.666667,1.664670659,13900,16700,0.832335329,
2,207940,200,rf,40,0.475,947.3684211,1468.421053,0.64516129,18000,27900,0.64516129,
3,207940,200,xg,19,0.421052632,1262.5,727.2727273,1.7359375,10100,8000,1.2625,
0,207940,250,lg,16,0.4375,1442.857143,2500,0.577142857,10100,17500,0.577142857,
1,207940,250,dt,24,0.416666667,2040,1272.727273,1.602857143,20400,14000,1.457142857,
2,207940,250,rf,51,0.411764706,919.047619,892.3076923,1.029967159,19300,23200,0.831896552,
3,207940,250,xg,29,0.551724138,1218.75,1169.230769,1.042351974,19500,15200,1.282894737,
0,051910,20,lg,21,0.428571429,2011.111111,841.6666667,2.389438944,18100,10100,1.792079208,3.979166667
1,051910,20,dt,21,0.476190476,2130,1290.909091,1.65,21300,14200,1.5,
2,051910,20,rf,38,0.552631579,1047.619048,1475,0.710250202,22000,23600,0.93220339,
3,051910,20,xg,34,0.5,1082.352941,1181.25,0.916277622,18400,18900,0.973544974,
0,051910,50,lg,5,0.4,950,3566.666667,0.26635514,1900,10700,0.177570093,
1,051910,50,dt,15,0.8,1591.666667,1600,0.994791667,19100,4800,3.979166667,
2,051910,50,rf,45,0.422222222,1173.684211,800,1.467105263,22300,20000,1.115,
3,051910,50,xg,28,0.464285714,961.5384615,1150,0.836120401,12500,16100,0.776397516,
0,051910,100,lg,24,0.375,1444.444444,878.5714286,1.644083107,13000,12300,1.056910569,
1,051910,100,dt,37,0.459459459,1170.588235,1310.526316,0.893219939,19900,24900,0.799196787,
2,051910,100,rf,35,0.457142857,1481.25,1194.736842,1.239812775,23700,22700,1.044052863,
3,051910,100,xg,26,0.538461538,921.4285714,1075,0.857142857,12900,12900,1,
0,051910,150,lg,18,0.444444444,1137.5,1144.444444,0.993932039,9100,10300,0.883495146,
1,051910,150,dt,42,0.571428571,1016.666667,1194.117647,0.851395731,24400,20300,1.201970443,
2,051910,150,rf,27,0.481481481,1646.153846,1641.666667,1.002733307,21400,19700,1.086294416,
3,051910,150,xg,33,0.545454545,1250,1185.714286,1.054216867,22500,16600,1.355421687,
0,051910,200,lg,19,0.421052632,1562.5,930,1.680107527,12500,9300,1.344086022,
1,051910,200,dt,30,0.566666667,1811.764706,1666.666667,1.087058824,30800,20000,1.54,
2,051910,200,rf,19,0.473684211,2477.777778,1370,1.808596918,22300,13700,1.627737226,
3,051910,200,xg,25,0.4,1560,1033.333333,1.509677419,15600,15500,1.006451613,
0,051910,250,lg,19,0.368421053,1585.714286,845.4545455,1.875576037,11100,9300,1.193548387,
1,051910,250,dt,14,0.571428571,2400,2750,0.872727273,19200,16500,1.163636364,
2,051910,250,rf,23,0.652173913,1040,2350,0.442553191,15600,18800,0.829787234,
3,051910,250,xg,32,0.53125,1723.529412,1330.769231,1.295137708,29300,17300,1.693641618,
0,006400,20,lg,21,0.666666667,1028.571429,1616.666667,0.63622975,14400,9700,1.484536082,2.730769231
1,006400,20,dt,21,0.333333333,1328.571429,1307.692308,1.015966387,9300,17000,0.547058824,
2,006400,20,rf,33,0.393939394,1530.769231,1141.176471,1.341395718,19900,19400,1.025773196,
3,006400,20,xg,20,0.3,1850,1042.857143,1.773972603,11100,14600,0.760273973,
0,006400,50,lg,8,0.375,2233.333333,1160,1.925287356,6700,5800,1.155172414,
1,006400,50,dt,23,0.391304348,1444.444444,1121.428571,1.288039632,13000,15700,0.828025478,
2,006400,50,rf,37,0.675675676,1420,1181.818182,1.201538462,35500,13000,2.730769231,
3,006400,50,xg,39,0.564102564,890.9090909,1056.25,0.843464228,19600,16900,1.159763314,
0,006400,100,lg,11,0.272727273,2700,1875,1.44,8100,15000,0.54,
1,006400,100,dt,23,0.434782609,990,1741.666667,0.568421053,9900,20900,0.473684211,
2,006400,100,rf,32,0.5625,1355.555556,1453.846154,0.93239271,24400,18900,1.291005291,
3,006400,100,xg,32,0.625,1190,1190.909091,0.999236641,23800,13100,1.816793893,
0,006400,150,lg,16,0.375,1750,1110,1.576576577,10500,11100,0.945945946,
1,006400,150,dt,40,0.45,1016.666667,909.5238095,1.117801047,18300,19100,0.958115183,
2,006400,150,rf,26,0.615384615,1162.5,1300,0.894230769,18600,13000,1.430769231,
3,006400,150,xg,31,0.451612903,1621.428571,1673.333333,0.968981218,22700,25100,0.90438247,
0,006400,200,lg,16,0.375,1750,1110,1.576576577,10500,11100,0.945945946,
1,006400,200,dt,7,0.571428571,600,2900,0.206896552,2400,8700,0.275862069,
2,006400,200,rf,25,0.44,1645.454545,1700,0.967914439,18100,22100,0.819004525,
3,006400,200,xg,33,0.454545455,1486.666667,905.5555556,1.641717791,22300,16300,1.36809816,
0,006400,250,lg,18,0.388888889,2871.428571,1845.454545,1.555946517,20100,20300,0.990147783,
1,006400,250,dt,7,0.571428571,750,1566.666667,0.478723404,3000,4700,0.638297872,
2,006400,250,rf,22,0.545454545,933.3333333,1300,0.717948718,11200,13000,0.861538462,
3,006400,250,xg,31,0.548387097,1711.764706,1592.857143,1.074650488,29100,22300,1.304932735,
0,035420,20,lg,22,0.454545455,2080,1750,1.188571429,20800,17500,1.188571429,1.897435897
1,035420,20,dt,30,0.566666667,1741.176471,1300,1.339366516,29600,15600,1.897435897,
2,035420,20,rf,38,0.447368421,1600,1036.842105,1.543147208,27200,19700,1.38071066,
3,035420,20,xg,23,0.47826087,1136.363636,900,1.262626263,12500,10800,1.157407407,
0,035420,50,lg,11,0.181818182,2850,1914.285714,1.48880597,5700,13400,0.425373134,
1,035420,50,dt,34,0.558823529,1910.526316,1726.666667,1.106482422,36300,25900,1.401544402,
2,035420,50,rf,41,0.292682927,1825,1442.857143,1.264851485,21900,40400,0.542079208,
3,035420,50,xg,17,0.529411765,600,1587.5,0.377952756,5400,12700,0.42519685,
0,035420,100,lg,24,0.416666667,2170,1420,1.528169014,21700,14200,1.528169014,
1,035420,100,dt,38,0.473684211,1200,1382.352941,0.868085106,21600,23500,0.919148936,
2,035420,100,rf,35,0.485714286,1570.588235,950,1.653250774,26700,15200,1.756578947,
3,035420,100,xg,36,0.361111111,1561.538462,1163.636364,1.341947115,20300,25600,0.79296875,
0,035420,150,lg,20,0.3,2566.666667,950,2.701754386,15400,9500,1.621052632,
1,035420,150,dt,36,0.416666667,1080,1540,0.701298701,16200,30800,0.525974026,
2,035420,150,rf,41,0.463414634,1321.052632,904.7619048,1.460110803,25100,19000,1.321052632,
3,035420,150,xg,36,0.611111111,1181.818182,1246.153846,0.948372615,26000,16200,1.604938272,
0,035420,200,lg,15,0.466666667,1900,1700,1.117647059,13300,10200,1.303921569,
1,035420,200,dt,13,0.230769231,3500,2511.111111,1.39380531,10500,22600,0.46460177,
2,035420,200,rf,28,0.464285714,2007.692308,1866.666667,1.075549451,26100,28000,0.932142857,
3,035420,200,xg,32,0.65625,1128.571429,1950,0.578754579,23700,19500,1.215384615,
0,035420,250,lg,18,0.333333333,2433.333333,1762.5,1.380614657,14600,14100,1.035460993,
1,035420,250,dt,28,0.607142857,1005.882353,1310,0.767849124,17100,13100,1.305343511,
2,035420,250,rf,32,0.4375,2128.571429,1441.176471,1.47696793,29800,24500,1.216326531,
3,035420,250,xg,30,0.5,1600,1740,0.91954023,24000,26100,0.91954023,
0,005380,20,lg,23,0.52173913,2325,2363.636364,0.983653846,27900,26000,1.073076923,4
1,005380,20,dt,10,0.3,733.3333333,1128.571429,0.64978903,2200,7900,0.278481013,
2,005380,20,rf,39,0.487179487,1463.157895,1273.684211,1.148760331,27800,24200,1.148760331,
3,005380,20,xg,37,0.540540541,1375,1547.058824,0.88878327,27500,26300,1.045627376,
0,005380,50,lg,10,0.6,1666.666667,833.3333333,2,10000,2500,4,
1,005380,50,dt,23,0.52173913,2083.333333,1554.545455,1.340155945,25000,17100,1.461988304,
2,005380,50,rf,35,0.485714286,905.8823529,1216.666667,0.744560838,15400,21900,0.703196347,
3,005380,50,xg,20,0.55,609.0909091,1244.444444,0.489448052,6700,11200,0.598214286,
0,005380,100,lg,31,0.516129032,1900,1260,1.507936508,30400,18900,1.608465608,
1,005380,100,dt,24,0.5,1583.333333,1118.181818,1.41598916,19000,12300,1.544715447,
2,005380,100,rf,25,0.6,1733.333333,2022.222222,0.857142857,26000,18200,1.428571429,
3,005380,100,xg,35,0.342857143,1166.666667,743.4782609,1.56920078,14000,17100,0.81871345,
0,005380,150,lg,28,0.535714286,2006.666667,1115.384615,1.79908046,30100,14500,2.075862069,
1,005380,150,dt,15,0.4,1866.666667,2175,0.858237548,11200,17400,0.643678161,
2,005380,150,rf,37,0.594594595,1509.090909,1446.666667,1.043150398,33200,21700,1.529953917,
3,005380,150,xg,29,0.517241379,1753.333333,1535.714286,1.141705426,26300,21500,1.223255814,
0,005380,200,lg,27,0.518518519,2128.571429,1292.307692,1.647108844,29800,16800,1.773809524,
1,005380,200,dt,12,0.416666667,2300,3383.333333,0.679802956,11500,20300,0.566502463,
2,005380,200,rf,27,0.555555556,1673.333333,1750,0.956190476,25100,21000,1.195238095,
3,005380,200,xg,33,0.545454545,1772.222222,1206.666667,1.468692449,31900,18100,1.762430939,
0,005380,250,lg,16,0.5,2812.5,962.5,2.922077922,22500,7700,2.922077922,
1,005380,250,dt,31,0.387096774,1833.333333,1652.631579,1.109341826,22000,31400,0.700636943,
2,005380,250,rf,25,0.6,1786.666667,2125,0.840784314,26800,17000,1.576470588,
3,005380,250,xg,30,0.533333333,1500,1157.142857,1.296296296,24000,16200,1.481481481,
0,035720,20,lg,16,0.375,2066.666667,1970,1.049069374,12400,19700,0.629441624,2
1,035720,20,dt,39,0.461538462,1577.777778,747.3684211,2.111111111,28400,14200,2,
2,035720,20,rf,35,0.4,1835.714286,1330,1.380236305,25700,26600,0.966165414,
3,035720,20,xg,33,0.424242424,1150,935.2941176,1.229559748,16100,15900,1.012578616,
0,035720,50,lg,10,0.3,2966.666667,1042.857143,2.844748858,8900,7300,1.219178082,
1,035720,50,dt,30,0.5,1333.333333,1061.538462,1.256038647,20000,13800,1.449275362,
2,035720,50,rf,32,0.59375,1336.842105,1775,0.753150482,25400,21300,1.192488263,
3,035720,50,xg,39,0.435897436,1194.117647,1159.090909,1.030219146,20300,25500,0.796078431,
0,035720,100,lg,25,0.52,1630.769231,1472.727273,1.107312441,21200,16200,1.308641975,
1,035720,100,dt,38,0.473684211,1616.666667,1222.222222,1.322727273,29100,22000,1.322727273,
2,035720,100,rf,39,0.358974359,1921.428571,1264,1.520117541,26900,31600,0.851265823,
3,035720,100,xg,22,0.318181818,2342.857143,1664.285714,1.407725322,16400,23300,0.703862661,
0,035720,150,lg,21,0.380952381,2125,1358.333333,1.564417178,17000,16300,1.042944785,
1,035720,150,dt,37,0.459459459,1729.411765,1110,1.558028617,29400,22200,1.324324324,
2,035720,150,rf,27,0.444444444,1491.666667,1613.333333,0.924586777,17900,24200,0.739669421,
3,035720,150,xg,21,0.428571429,2188.888889,1225,1.786848073,19700,14700,1.340136054,
0,035720,200,lg,20,0.4,2300,1472.727273,1.561728395,18400,16200,1.135802469,
1,035720,200,dt,18,0.444444444,1200,1790,0.670391061,9600,17900,0.536312849,
2,035720,200,rf,27,0.444444444,1558.333333,1792.857143,0.869189907,18700,25100,0.74501992,
3,035720,200,xg,31,0.516129032,1481.25,1133.333333,1.306985294,23700,17000,1.394117647,
0,035720,250,lg,22,0.545454545,1916.666667,1377.777778,1.391129032,23000,12400,1.85483871,
1,035720,250,dt,28,0.392857143,1890.909091,1062.5,1.779679144,20800,17000,1.223529412,
2,035720,250,rf,31,0.580645161,1277.777778,1230,1.038843722,23000,12300,1.869918699,
3,035720,250,xg,31,0.516129032,1550,1366.666667,1.134146341,24800,20500,1.209756098,
0,000270,20,lg,18,0.611111111,1890.909091,2400,0.787878788,20800,16800,1.238095238,4.184615385
1,000270,20,dt,24,0.5,1616.666667,1281.818182,1.261229314,19400,14100,1.375886525,
2,000270,20,rf,42,0.333333333,1435.714286,1229.62963,1.167598967,20100,33200,0.605421687,
3,000270,20,xg,25,0.48,1458.333333,1484.615385,0.982297064,17500,19300,0.906735751,
0,000270,50,lg,10,0.5,1760,1080,1.62962963,8800,5400,1.62962963,
1,000270,50,dt,26,0.576923077,1806.666667,2290.909091,0.788624339,27100,25200,1.075396825,
2,000270,50,rf,42,0.523809524,1054.545455,1300,0.811188811,23200,23400,0.991452991,
3,000270,50,xg,27,0.518518519,1285.714286,633.3333333,2.030075188,18000,7600,2.368421053,
0,000270,100,lg,27,0.518518519,2185.714286,1541.666667,1.417760618,30600,18500,1.654054054,
1,000270,100,dt,26,0.423076923,2600,1653.333333,1.572580645,28600,24800,1.153225806,
2,000270,100,rf,34,0.558823529,1473.684211,1626.666667,0.905953408,28000,24400,1.147540984,
3,000270,100,xg,23,0.565217391,1546.153846,577.7777778,2.676035503,20100,5200,3.865384615,
0,000270,150,lg,24,0.541666667,2276.923077,1810,1.257968551,29600,18100,1.635359116,
1,000270,150,dt,38,0.526315789,1940,1488.888889,1.302985075,38800,26800,1.447761194,
2,000270,150,rf,37,0.567567568,1171.428571,1350,0.867724868,24600,21600,1.138888889,
3,000270,150,xg,25,0.6,1226.666667,987.5,1.242194093,18400,7900,2.329113924,
0,000270,200,lg,23,0.565217391,2053.846154,1566.666667,1.31096563,26700,14100,1.893617021,
1,000270,200,dt,15,0.6,2855.555556,2616.666667,1.091295117,25700,15700,1.636942675,
2,000270,200,rf,31,0.516129032,1556.25,1386.666667,1.122295673,24900,20800,1.197115385,
3,000270,200,xg,24,0.5,1491.666667,1255.555556,1.188053097,17900,11300,1.584070796,
0,000270,250,lg,18,0.611111111,2381.818182,2071.428571,1.14984326,26200,14500,1.806896552,
1,000270,250,dt,15,0.733333333,1163.636364,1133.333333,1.026737968,12800,3400,3.764705882,
2,000270,250,rf,28,0.607142857,1594.117647,2163.636364,0.736777064,27100,23800,1.138655462,
3,000270,250,xg,26,0.576923077,1813.333333,650,2.78974359,27200,6500,4.184615385,
0,068270,20,lg,34,0.470588235,1643.75,1541.176471,1.066555344,26300,26200,1.003816794,2.233333333
1,068270,20,dt,21,0.428571429,1188.888889,954.5454545,1.245502646,10700,10500,1.019047619,
2,068270,20,rf,29,0.517241379,1453.333333,2075,0.700401606,21800,24900,0.875502008,
3,068270,20,xg,40,0.4,1100,1318.181818,0.834482759,17600,29000,0.606896552,
0,068270,50,lg,3,0.666666667,3350,3000,1.116666667,6700,3000,2.233333333,
1,068270,50,dt,33,0.484848485,1506.25,1543.75,0.975708502,24100,24700,0.975708502,
2,068270,50,rf,26,0.538461538,1442.857143,916.6666667,1.574025974,20200,11000,1.836363636,
3,068270,50,xg,15,0.333333333,1180,1255.555556,0.939823009,5900,11300,0.522123894,
0,068270,100,lg,17,0.470588235,2700,2033.333333,1.327868852,21600,18300,1.180327869,
1,068270,100,dt,26,0.461538462,1375,1738.461538,0.790929204,16500,22600,0.730088496,
2,068270,100,rf,34,0.411764706,1650,1823.529412,0.90483871,23100,31000,0.74516129,
3,068270,100,xg,28,0.428571429,1500,1346.666667,1.113861386,18000,20200,0.891089109,
0,068270,150,lg,20,0.45,2544.444444,1690.909091,1.504778973,22900,18600,1.231182796,
1,068270,150,dt,35,0.314285714,1418.181818,1518.181818,0.934131737,15600,33400,0.467065868,
2,068270,150,rf,34,0.411764706,1514.285714,1876.470588,0.806986117,21200,31900,0.664576803,
3,068270,150,xg,26,0.5,1807.692308,1416.666667,1.2760181,23500,17000,1.382352941,
0,068270,200,lg,20,0.45,2622.222222,1763.636364,1.486827033,23600,19400,1.216494845,
1,068270,200,dt,12,0.333333333,4100,2300,1.782608696,16400,18400,0.891304348,
2,068270,200,rf,24,0.375,2644.444444,1892.857143,1.39706499,23800,26500,0.898113208,
3,068270,200,xg,22,0.545454545,983.3333333,1950,0.504273504,11800,15600,0.756410256,
0,068270,250,lg,17,0.470588235,2575,2233.333333,1.152985075,20600,20100,1.024875622,
1,068270,250,dt,22,0.318181818,3428.571429,2014.285714,1.70212766,24000,28200,0.85106383,
2,068270,250,rf,43,0.558139535,1262.5,1278.947368,0.987139918,30300,24300,1.24691358,
3,068270,250,xg,29,0.379310345,1672.727273,1412.5,1.184231698,18400,22600,0.814159292,
0,028260,20,lg,24,0.541666667,1223.076923,1610,0.759675108,15900,16100,0.98757764,2.115384615
1,028260,20,dt,17,0.411764706,2071.428571,1770,1.170298628,14500,17700,0.81920904,
2,028260,20,rf,32,0.40625,1630.769231,1344.444444,1.212968849,21200,24200,0.876033058,
3,028260,20,xg,38,0.526315789,1070,1475,0.725423729,21400,23600,0.906779661,
0,028260,50,lg,4,0.5,850,4850,0.175257732,1700,9700,0.175257732,
1,028260,50,dt,21,0.523809524,1818.181818,1840,0.988142292,20000,18400,1.086956522,
2,028260,50,rf,33,0.393939394,1607.692308,1290,1.246273107,20900,25800,0.810077519,
3,028260,50,xg,38,0.447368421,1452.941176,1020,1.424452134,24700,20400,1.210784314,
0,028260,100,lg,19,0.631578947,1725,2942.857143,0.586165049,20700,20600,1.004854369,
1,028260,100,dt,18,0.388888889,1728.571429,1780,0.971107544,12100,17800,0.679775281,
2,028260,100,rf,30,0.5,1286.666667,1428.571429,0.900666667,19300,20000,0.965,
3,028260,100,xg,32,0.53125,1317.647059,1650,0.798573975,22400,19800,1.131313131,
0,028260,150,lg,16,0.625,1580,2983.333333,0.529608939,15800,17900,0.882681564,
1,028260,150,dt,27,0.37037037,1770,1293.75,1.368115942,17700,20700,0.855072464,
2,028260,150,rf,35,0.4,1578.571429,1180,1.337772397,22100,23600,0.936440678,
3,028260,150,xg,30,0.5,1053.333333,1060,0.993710692,15800,15900,0.993710692,
0,028260,200,lg,16,0.625,1560,2916.666667,0.534857143,15600,17500,0.891428571,
1,028260,200,dt,27,0.518518519,1085.714286,1366.666667,0.794425087,15200,16400,0.926829268,
2,028260,200,rf,31,0.483870968,1833.333333,1235.714286,1.483622351,27500,17300,1.589595376,
3,028260,200,xg,24,0.625,1833.333333,1444.444444,1.269230769,27500,13000,2.115384615,
0,028260,250,lg,10,0.6,916.6666667,3300,0.277777778,5500,13200,0.416666667,
1,028260,250,dt,27,0.37037037,1980,1576.470588,1.255970149,19800,26800,0.73880597,
2,028260,250,rf,22,0.318181818,1828.571429,1461.538462,1.25112782,12800,19000,0.673684211,
3,028260,250,xg,34,0.411764706,2350,1388.235294,1.69279661,32900,23600,1.394067797,
0,005490,20,lg,16,0.5625,1411.111111,2757.142857,0.511801957,12700,19300,0.658031088,1.553488372
1,005490,20,dt,17,0.588235294,1550,1500,1.033333333,15500,10500,1.476190476,
2,005490,20,rf,41,0.463414634,1368.421053,1120,1.221804511,26000,22400,1.160714286,
3,005490,20,xg,31,0.483870968,1526.666667,956.25,1.596514161,22900,15300,1.496732026,
0,005490,50,lg,6,0.333333333,2900,2825,1.026548673,5800,11300,0.513274336,
1,005490,50,dt,26,0.5,1484.615385,1825,0.813487882,19300,21900,0.881278539,
2,005490,50,rf,33,0.484848485,1037.5,1294.117647,0.801704545,16600,22000,0.754545455,
3,005490,50,xg,34,0.470588235,1593.75,982.3529412,1.62238024,25500,16700,1.526946108,
0,005490,100,lg,20,0.5,2050,3380,0.606508876,20500,33800,0.606508876,
1,005490,100,dt,32,0.5625,1238.888889,2558.333333,0.484256243,22300,30700,0.726384365,
2,005490,100,rf,40,0.5,1455,1395,1.043010753,29100,27900,1.043010753,
3,005490,100,xg,29,0.517241379,1846.666667,1546.153846,1.194361526,27700,20100,1.378109453,
0,005490,150,lg,20,0.55,1890.909091,3544.444444,0.533485323,20800,31900,0.652037618,
1,005490,150,dt,34,0.5,1423.529412,1494.117647,0.952755906,24200,25400,0.952755906,
2,005490,150,rf,28,0.5,1657.142857,1950,0.84981685,23200,27300,0.84981685,
3,005490,150,xg,29,0.482758621,1635.714286,1521.428571,1.075117371,22900,21300,1.075117371,
0,005490,200,lg,15,0.466666667,2342.857143,3262.5,0.718117132,16400,26100,0.62835249,
1,005490,200,dt,20,0.35,2071.428571,1823.076923,1.136226643,14500,23700,0.611814346,
2,005490,200,rf,23,0.565217391,1592.307692,2520,0.631868132,20700,25200,0.821428571,
3,005490,200,xg,35,0.628571429,1518.181818,1653.846154,0.917970402,33400,21500,1.553488372,
0,005490,250,lg,18,0.555555556,1370,3412.5,0.401465201,13700,27300,0.501831502,
1,005490,250,dt,14,0.142857143,350,1183.333333,0.295774648,700,14200,0.049295775,
2,005490,250,rf,24,0.333333333,2112.5,1726.666667,1.223455598,16900,25900,0.652509653,
3,005490,250,xg,38,0.447368421,1952.941176,1363.157895,1.43265955,33200,25900,1.281853282,
0,105560,20,lg,22,0.5,1409.090909,890.9090909,1.581632653,15500,9800,1.581632653,3.851851852
1,105560,20,dt,26,0.576923077,1086.666667,950,1.143859649,16300,9500,1.715789474,
2,105560,20,rf,44,0.454545455,1335,1386.956522,0.962539185,26700,31900,0.836990596,
3,105560,20,xg,33,0.515151515,905.8823529,1471.428571,0.615648201,15400,20600,0.747572816,
0,105560,50,lg,13,0.615384615,962.5,1680,0.572916667,7700,8400,0.916666667,
1,105560,50,dt,32,0.53125,1494.117647,1166.666667,1.280672269,25400,17500,1.451428571,
2,105560,50,rf,35,0.4,1971.428571,1021.052632,1.93078056,27600,19400,1.422680412,
3,105560,50,xg,30,0.433333333,1184.615385,1364.705882,0.868037135,15400,23200,0.663793103,
0,105560,100,lg,22,0.727272727,1300,1080,1.203703704,20800,5400,3.851851852,
1,105560,100,dt,24,0.333333333,2737.5,1262.5,2.168316832,21900,20200,1.084158416,
2,105560,100,rf,45,0.488888889,918.1818182,1465,0.626745268,20200,29300,0.689419795,
3,105560,100,xg,32,0.46875,1480,853.3333333,1.734375,22200,12800,1.734375,
0,105560,150,lg,22,0.727272727,1200,1033.333333,1.161290323,19200,6200,3.096774194,
1,105560,150,dt,32,0.65625,985.7142857,2388.888889,0.412624585,20700,21500,0.962790698,
2,105560,150,rf,46,0.47826087,1059.090909,1600,0.661931818,23300,36800,0.633152174,
3,105560,150,xg,27,0.592592593,1325,1300,1.019230769,21200,14300,1.482517483,
0,105560,200,lg,21,0.714285714,1346.666667,1200,1.122222222,20200,7200,2.805555556,
1,105560,200,dt,15,0.6,2055.555556,2033.333333,1.010928962,18500,12200,1.516393443,
2,105560,200,rf,33,0.454545455,1900,1361.111111,1.395918367,28500,24500,1.163265306,
3,105560,200,xg,29,0.482758621,1500,800,1.875,21000,12000,1.75,
0,105560,250,lg,21,0.714285714,1206.666667,933.3333333,1.292857143,18100,5600,3.232142857,
1,105560,250,dt,16,0.625,2070,1500,1.38,20700,9000,2.3,
2,105560,250,rf,23,0.434782609,2490,1669.230769,1.491705069,24900,21700,1.147465438,
3,105560,250,xg,31,0.483870968,1346.666667,700,1.923809524,20200,10500,1.923809524,
0,012330,20,lg,23,0.47826087,1545.454545,2225,0.694586313,17000,26700,0.63670412,2.640350877
1,012330,20,dt,18,0.388888889,2114.285714,1381.818182,1.530075188,14800,15200,0.973684211,
2,012330,20,rf,43,0.372093023,1462.5,1220,1.198770492,23400,30500,0.767213115,
3,012330,20,xg,35,0.514285714,1205.555556,1552.941176,0.776304714,21700,26400,0.821969697,
0,012330,50,lg,7,0.714285714,1060,1800,0.588888889,5300,3600,1.472222222,
1,012330,50,dt,13,0.538461538,1842.857143,3033.333333,0.607535322,12900,18200,0.708791209,
2,012330,50,rf,35,0.485714286,1452.941176,1061.111111,1.369263936,24700,19100,1.293193717,
3,012330,50,xg,24,0.291666667,2200,1050,2.095238095,15400,16800,0.916666667,
0,012330,100,lg,23,0.434782609,1910,1133.333333,1.685294118,19100,13600,1.404411765,
1,012330,100,dt,41,0.341463415,1357.142857,1062.5,1.277310924,19000,25500,0.745098039,
2,012330,100,rf,33,0.424242424,1878.571429,1005.555556,1.868192581,26300,18100,1.453038674,
3,012330,100,xg,33,0.484848485,1781.25,876.4705882,2.032298658,28500,14900,1.912751678,
0,012330,150,lg,18,0.5,1477.777778,1155.555556,1.278846154,13300,10400,1.278846154,
1,012330,150,dt,30,0.266666667,2462.5,1725,1.427536232,19700,34500,0.571014493,
2,012330,150,rf,30,0.4,1558.333333,1577.777778,0.987676056,18700,28400,0.658450704,
3,012330,150,xg,30,0.466666667,2150,814.2857143,2.640350877,30100,11400,2.640350877,
0,012330,200,lg,14,0.571428571,1550,1516.666667,1.021978022,12400,9100,1.362637363,
1,012330,200,dt,11,0.454545455,1440,3566.666667,0.403738318,7200,21400,0.336448598,
2,012330,200,rf,26,0.384615385,1900,2007.142857,0.946619217,19000,28100,0.676156584,
3,012330,200,xg,26,0.5,1938.461538,1091.666667,1.775689959,25200,13100,1.923664122,
0,012330,250,lg,17,0.470588235,1887.5,1588.888889,1.187937063,15100,14300,1.055944056,
1,012330,250,dt,23,0.47826087,1718.181818,1654.545455,1.038461538,18900,18200,1.038461538,
2,012330,250,rf,23,0.391304348,2300,1528.571429,1.504672897,20700,21400,0.96728972,
3,012330,250,xg,29,0.448275862,1700,873.3333333,1.946564885,22100,13100,1.687022901,
0,096770,20,lg,27,0.444444444,1225,1440,0.850694444,14700,21600,0.680555556,2.316455696
1,096770,20,dt,18,0.611111111,1663.636364,1128.571429,1.47410817,18300,7900,2.316455696,
2,096770,20,rf,41,0.585365854,1275,1147.058824,1.111538462,30600,19500,1.569230769,
3,096770,20,xg,31,0.419354839,1438.461538,831.25,1.730480046,18700,13300,1.406015038,
0,096770,50,lg,12,0.416666667,560,1800,0.311111111,2800,10800,0.259259259,
1,096770,50,dt,22,0.409090909,1500,1958.333333,0.765957447,13500,23500,0.574468085,
2,096770,50,rf,33,0.393939394,1492.307692,910.5263158,1.638950645,19400,17300,1.121387283,
3,096770,50,xg,31,0.35483871,1563.636364,921.0526316,1.697662338,17200,17500,0.982857143,
0,096770,100,lg,22,0.318181818,871.4285714,1225,0.711370262,6100,14700,0.414965986,
1,096770,100,dt,17,0.470588235,1687.5,1400,1.205357143,13500,11200,1.205357143,
2,096770,100,rf,38,0.447368421,1241.176471,1280,0.969669118,21100,25600,0.82421875,
3,096770,100,xg,31,0.35483871,1381.818182,958.8235294,1.441160067,15200,16300,0.932515337,
0,096770,150,lg,21,0.380952381,775,1411.111111,0.549212598,6200,12700,0.488188976,
1,096770,150,dt,24,0.458333333,1436.363636,1590.909091,0.902857143,15800,17500,0.902857143,
2,096770,150,rf,33,0.454545455,1566.666667,1135.294118,1.379965458,23500,19300,1.21761658,
3,096770,150,xg,41,0.512195122,885.7142857,1100,0.805194805,18600,18700,0.994652406,
0,096770,200,lg,19,0.526315789,720,1411.111111,0.51023622,7200,12700,0.566929134,
1,096770,200,dt,14,0.642857143,2011.111111,2520,0.798059965,18100,12600,1.436507937,
2,096770,200,rf,17,0.529411765,1555.555556,2371.428571,0.655957162,14000,16600,0.843373494,
3,096770,200,xg,25,0.4,1610,1026.666667,1.568181818,16100,15400,1.045454545,
0,096770,250,lg,18,0.444444444,850,1687.5,0.503703704,6800,13500,0.503703704,
1,096770,250,dt,14,0.428571429,2733.333333,2662.5,1.026604069,16400,21300,0.769953052,
2,096770,250,rf,22,0.454545455,1410,1636.363636,0.861666667,14100,18000,0.783333333,
3,096770,250,xg,31,0.35483871,1272.727273,647.3684211,1.966001478,14000,12300,1.138211382,
0,055550,20,lg,31,0.612903226,1384.210526,1245.454545,1.111409912,26300,13700,1.919708029,2.695652174
1,055550,20,dt,21,0.428571429,1266.666667,1063.636364,1.190883191,11400,11700,0.974358974,
2,055550,20,rf,33,0.575757576,1294.736842,835.7142857,1.54925776,24600,11700,2.102564103,
3,055550,20,xg,29,0.620689655,1311.111111,1400,0.936507937,23600,14000,1.685714286,
0,055550,50,lg,9,0.444444444,1250,3780,0.330687831,5000,18900,0.264550265,
1,055550,50,dt,27,0.481481481,1784.615385,1684.615385,1.059360731,23200,21900,1.059360731,
2,055550,50,rf,38,0.526315789,1220,1127.777778,1.081773399,24400,20300,1.201970443,
3,055550,50,xg,24,0.416666667,680,1492.857143,0.455502392,6800,20900,0.325358852,
0,055550,100,lg,24,0.5,1458.333333,1127.272727,1.293682796,17500,12400,1.411290323,
1,055550,100,dt,23,0.565217391,1869.230769,1600,1.168269231,24300,12800,1.8984375,
2,055550,100,rf,39,0.615384615,1429.166667,1500,0.952777778,34300,22500,1.524444444,
3,055550,100,xg,27,0.481481481,1161.538462,1200,0.967948718,15100,14400,1.048611111,
0,055550,150,lg,23,0.565217391,1223.076923,1055.555556,1.158704453,15900,9500,1.673684211,
1,055550,150,dt,19,0.315789474,3100,1209.090909,2.563909774,18600,13300,1.398496241,
2,055550,150,rf,33,0.545454545,1783.333333,1520,1.173245614,32100,22800,1.407894737,
3,055550,150,xg,28,0.428571429,1175,1013.333333,1.159539474,14100,15200,0.927631579,
0,055550,200,lg,27,0.592592593,1550,920,1.684782609,24800,9200,2.695652174,
1,055550,200,dt,17,0.529411765,2400,2028.571429,1.183098592,21600,14200,1.521126761,
2,055550,200,rf,32,0.375,2083.333333,1221.052632,1.706178161,25000,23200,1.077586207,
3,055550,200,xg,26,0.461538462,1150,1569.230769,0.732843137,13800,20400,0.676470588,
0,055550,250,lg,20,0.45,1111.111111,1036.363636,1.072124756,10000,11400,0.877192982,
1,055550,250,dt,26,0.461538462,1183.333333,1307.142857,0.905282332,14200,18300,0.775956284,
2,055550,250,rf,24,0.458333333,1418.181818,1484.615385,0.955252002,15600,19300,0.808290155,
3,055550,250,xg,36,0.305555556,1109.090909,1171.428571,0.946784922,12200,24600,0.495934959,
0,034730,20,lg,31,0.516129032,1200,1292.857143,0.928176796,19200,18100,1.060773481,2.488095238
1,034730,20,dt,18,0.333333333,1716.666667,2030,0.845648604,10300,20300,0.507389163,
2,034730,20,rf,39,0.41025641,937.5,1204.545455,0.778301887,15000,26500,0.566037736,
3,034730,20,xg,45,0.466666667,1266.666667,1469.565217,0.861932939,26600,33800,0.786982249,
0,034730,50,lg,8,0.375,2366.666667,2240,1.056547619,7100,11200,0.633928571,
1,034730,50,dt,16,0.375,2116.666667,1890,1.119929453,12700,18900,0.671957672,
2,034730,50,rf,25,0.44,1590.909091,1346.153846,1.181818182,17500,17500,1,
3,034730,50,xg,22,0.545454545,1883.333333,1244.444444,1.513392857,22600,11200,2.017857143,
0,034730,100,lg,26,0.423076923,1254.545455,1492.857143,0.840365376,13800,20900,0.660287081,
1,034730,100,dt,34,0.617647059,1571.428571,1516.666667,1.03610675,33000,18200,1.813186813,
2,034730,100,rf,28,0.571428571,1143.75,1500,0.7625,18300,18000,1.016666667,
3,034730,100,xg,29,0.448275862,1215.384615,1006.25,1.207835643,15800,16100,0.98136646,
0,034730,150,lg,23,0.391304348,1066.666667,1461.538462,0.729824561,9600,19000,0.505263158,
1,034730,150,dt,28,0.428571429,1766.666667,1406.666667,1.255924171,21200,21100,1.004739336,
2,034730,150,rf,30,0.6,1355.555556,1950,0.695156695,24400,23400,1.042735043,
3,034730,150,xg,27,0.518518519,1892.857143,876.9230769,2.158521303,26500,11400,2.324561404,
0,034730,200,lg,20,0.3,1183.333333,1825,0.648401826,7100,21900,0.324200913,
1,034730,200,dt,13,0.384615385,1080,1200,0.9,5400,9600,0.5625,
2,034730,200,rf,14,0.5,1357.142857,1471.428571,0.922330097,9500,10300,0.922330097,
3,034730,200,xg,26,0.615384615,1306.25,933.3333333,1.399553571,20900,8400,2.488095238,
0,034730,250,lg,23,0.347826087,1125,1421.428571,0.791457286,9000,19900,0.452261307,
1,034730,250,dt,28,0.535714286,1633.333333,1608.333333,1.015544041,24500,19300,1.269430052,
2,034730,250,rf,26,0.384615385,1850,1206.25,1.533678756,18500,19300,0.958549223,
3,034730,250,xg,20,0.4,675,1045.454545,0.645652174,5400,11500,0.469565217,
0,066570,20,lg,25,0.48,2058.333333,2030.769231,1.013573232,24700,26400,0.935606061,1.945121951
1,066570,20,dt,9,0.444444444,1950,3220,0.605590062,7800,16100,0.48447205,
2,066570,20,rf,28,0.5,1400,1515.384615,0.923857868,19600,19700,0.994923858,
3,066570,20,xg,36,0.583333333,1338.095238,1107.142857,1.208602151,28100,15500,1.812903226,
0,066570,50,lg,11,0.272727273,800,875,0.914285714,2400,7000,0.342857143,
1,066570,50,dt,34,0.441176471,1560,1011.111111,1.542857143,23400,18200,1.285714286,
2,066570,50,rf,40,0.525,1019.047619,1058.823529,0.962433862,21400,18000,1.188888889,
3,066570,50,xg,15,0.466666667,1871.428571,1125,1.663492063,13100,9000,1.455555556,
0,066570,100,lg,26,0.423076923,1254.545455,1693.333333,0.7408733,13800,25400,0.543307087,
1,066570,100,dt,30,0.4,1191.666667,1729.411765,0.689058957,14300,29400,0.486394558,
2,066570,100,rf,39,0.307692308,1216.666667,988,1.231443995,14600,24700,0.591093117,
3,066570,100,xg,31,0.419354839,1023.076923,911.1111111,1.122889306,13300,16400,0.81097561,
0,066570,150,lg,23,0.434782609,1330,1792.307692,0.742060086,13300,23300,0.570815451,
1,066570,150,dt,28,0.428571429,1466.666667,1946.666667,0.753424658,17600,29200,0.602739726,
2,066570,150,rf,36,0.305555556,1154.545455,1166.666667,0.98961039,12700,28000,0.453571429,
3,066570,150,xg,35,0.428571429,1093.333333,1042.105263,1.049158249,16400,19800,0.828282828,
0,066570,200,lg,22,0.409090909,1377.777778,1900,0.725146199,12400,24700,0.502024291,
1,066570,200,dt,17,0.294117647,1500,2233.333333,0.671641791,7500,26800,0.279850746,
2,066570,200,rf,29,0.413793103,1158.333333,1362.5,0.850152905,13900,21800,0.637614679,
3,066570,200,xg,31,0.290322581,2322.222222,1033.333333,2.247311828,20900,21700,0.963133641,
0,066570,250,lg,24,0.458333333,1481.818182,1630.769231,0.908662093,16300,21200,0.768867925,
1,066570,250,dt,16,0.4375,1414.285714,1962.5,0.720655141,9900,15700,0.630573248,
2,066570,250,rf,27,0.37037037,930,1337.5,0.695327103,9300,21400,0.434579439,
3,066570,250,xg,40,0.425,1876.470588,780.952381,2.402797704,31900,16400,1.945121951,
0,015760,20,lg,22,0.681818182,1633.333333,1342.857143,1.216312057,24500,9400,2.606382979,4.465116279
1,015760,20,dt,12,0.5,1016.666667,1216.666667,0.835616438,6100,7300,0.835616438,
2,015760,20,rf,37,0.567567568,890.4761905,1121.428571,0.794055202,18700,15700,1.191082803,
3,015760,20,xg,30,0.533333333,1125,1576.923077,0.713414634,18000,20500,0.87804878,
0,015760,50,lg,10,0.6,2283.333333,3375,0.67654321,13700,13500,1.014814815,
1,015760,50,dt,12,0.333333333,1300,1125,1.155555556,5200,9000,0.577777778,
2,015760,50,rf,24,0.416666667,1770,1064.285714,1.663087248,17700,14900,1.187919463,
3,015760,50,xg,17,0.352941176,1433.333333,1109.090909,1.292349727,8600,12200,0.704918033,
0,015760,100,lg,19,0.526315789,1870,1055.555556,1.771578947,18700,9500,1.968421053,
1,015760,100,dt,28,0.428571429,2441.666667,1662.5,1.468671679,29300,26600,1.101503759,
2,015760,100,rf,51,0.549019608,1253.571429,1128.571429,1.110759494,35100,23700,1.481012658,
3,015760,100,xg,23,0.304347826,685.7142857,1414.285714,0.484848485,4800,19800,0.242424242,
0,015760,150,lg,15,0.6,1677.777778,1066.666667,1.572916667,15100,6400,2.359375,
1,015760,150,dt,21,0.476190476,1560,2080,0.75,15600,20800,0.75,
2,015760,150,rf,35,0.714285714,1308,2183.333333,0.599083969,32700,13100,2.496183206,
3,015760,150,xg,28,0.357142857,1260,1106.25,1.138983051,12600,17700,0.711864407,
0,015760,200,lg,16,0.8125,1476.923077,1433.333333,1.030411449,19200,4300,4.465116279,
1,015760,200,dt,25,0.44,2227.272727,1669.230769,1.33431085,24500,21700,1.129032258,
2,015760,200,rf,33,0.606060606,1295,1007.692308,1.285114504,25900,13100,1.977099237,
3,015760,200,xg,20,0.35,1785.714286,858.3333333,2.080443828,12500,10300,1.213592233,
0,015760,250,lg,15,0.466666667,1800,1050,1.714285714,12600,8400,1.5,
1,015760,250,dt,28,0.428571429,916.6666667,1331.25,0.6885759,11000,21300,0.516431925,
2,015760,250,rf,21,0.571428571,1383.333333,1488.888889,0.929104478,16600,13400,1.23880597,
3,015760,250,xg,14,0.571428571,1387.5,2300,0.60326087,11100,13800,0.804347826,
0,034020,20,lg,29,0.413793103,1758.333333,1081.25,1.626204239,21100,17300,1.219653179,1.902597403
1,034020,20,dt,3,0.333333333,1200,4750,0.252631579,1200,9500,0.126315789,
2,034020,20,rf,40,0.475,1542.105263,905.8823529,1.702323992,29300,15400,1.902597403,
3,034020,20,xg,27,0.481481481,1353.846154,1028.571429,1.316239316,17600,14400,1.222222222,
0,034020,50,lg,9,0.333333333,2100,680,3.088235294,6300,3400,1.852941176,
1,034020,50,dt,27,0.407407407,827.2727273,920,0.899209486,9100,13800,0.65942029,
2,034020,50,rf,29,0.448275862,1423.076923,1050,1.355311355,18500,16800,1.101190476,
3,034020,50,xg,29,0.517241379,1313.333333,1041.666667,1.2608,19700,12500,1.576,
0,034020,100,lg,8,0.625,2380,3633.333333,0.655045872,11900,10900,1.091743119,
1,034020,100,dt,19,0.473684211,1644.444444,1930,0.852043754,14800,19300,0.766839378,
2,034020,100,rf,24,0.5,1141.666667,1510,0.75607064,13700,15100,0.907284768,
3,034020,100,xg,23,0.52173913,1008.333333,1680,0.600198413,12100,16800,0.720238095,
0,034020,150,lg,7,0.571428571,2850,3500,0.814285714,11400,10500,1.085714286,
1,034020,150,dt,25,0.56,1685.714286,2600,0.648351648,23600,18200,1.296703297,
2,034020,150,rf,20,0.3,1533.333333,1357.142857,1.129824561,9200,19000,0.484210526,
3,034020,150,xg,31,0.516129032,1200,1478.571429,0.811594203,19200,20700,0.927536232,
0,034020,200,lg,9,0.555555556,2400,3100,0.774193548,12000,12400,0.967741935,
1,034020,200,dt,21,0.380952381,1737.5,1400,1.241071429,13900,16800,0.827380952,
2,034020,200,rf,23,0.565217391,1323.076923,2290,0.577762849,17200,22900,0.751091703,
3,034020,200,xg,22,0.5,1627.272727,918.1818182,1.772277228,17900,10100,1.772277228,
0,034020,250,lg,7,0.571428571,2475,2533.333333,0.976973684,9900,7600,1.302631579,
1,034020,250,dt,29,0.517241379,1446.666667,1636.363636,0.884074074,21700,18000,1.205555556,
2,034020,250,rf,16,0.375,1916.666667,1788.888889,1.071428571,11500,16100,0.714285714,
3,034020,250,xg,19,0.526315789,1620,1055.555556,1.534736842,16200,9500,1.705263158,
0,003550,20,lg,24,0.583333333,1457.142857,2140,0.680907877,20400,21400,0.953271028,2.0390625
1,003550,20,dt,13,0.538461538,828.5714286,1383.333333,0.598967298,5800,8300,0.698795181,
2,003550,20,rf,27,0.555555556,1740,1280,1.359375,26100,12800,2.0390625,
3,003550,20,xg,36,0.5,1811.111111,1338.888889,1.352697095,32600,24100,1.352697095,
0,003550,50,lg,9,0.666666667,750,2100,0.357142857,4500,6300,0.714285714,
1,003550,50,dt,20,0.25,2060,953.3333333,2.160839161,10300,14300,0.72027972,
2,003550,50,rf,28,0.428571429,1241.666667,893.75,1.389277389,14900,14300,1.041958042,
3,003550,50,xg,30,0.333333333,1550,1105.555556,1.40201005,15500,19900,0.778894472,
0,003550,100,lg,22,0.454545455,1890,1400,1.35,18900,16800,1.125,
1,003550,100,dt,22,0.409090909,1500,1916.666667,0.782608696,13500,23000,0.586956522,
2,003550,100,rf,34,0.5,1047.058824,1712.5,0.611421211,17800,27400,0.649635036,
3,003550,100,xg,39,0.538461538,1376.190476,1461.111111,0.941879413,28900,26300,1.098859316,
0,003550,150,lg,17,0.411764706,1557.142857,1350,1.153439153,10900,13500,0.807407407,
1,003550,150,dt,23,0.304347826,1971.428571,1887.5,1.044465468,13800,30200,0.456953642,
2,003550,150,rf,37,0.513513514,1031.578947,1433.333333,0.719706242,19600,25800,0.759689922,
3,003550,150,xg,32,0.4375,1457.142857,988.8888889,1.473515249,20400,17800,1.146067416,
0,003550,200,lg,18,0.444444444,1312.5,1400,0.9375,10500,14000,0.75,
1,003550,200,dt,36,0.416666667,1340,1335,1.003745318,20100,26700,0.752808989,
2,003550,200,rf,20,0.4,2000,1058.333333,1.88976378,16000,12700,1.25984252,
3,003550,200,xg,24,0.416666667,1980,928.5714286,2.132307692,19800,13000,1.523076923,
0,003550,250,lg,19,0.421052632,1600,1500,1.066666667,12800,16500,0.775757576,
1,003550,250,dt,16,0.4375,1985.714286,1500,1.323809524,13900,13500,1.02962963,
2,003550,250,rf,33,0.515151515,1417.647059,1650,0.859180036,24100,26400,0.912878788,
3,003550,250,xg,22,0.5,1918.181818,1136.363636,1.688,21100,12500,1.688,
0,003670,20,lg,27,0.444444444,1725,857.1428571,2.0125,20700,12000,1.725,1.725
1,003670,20,dt,11,0.454545455,2100,1300,1.615384615,10500,7800,1.346153846,
2,003670,20,rf,28,0.607142857,1135.294118,1018.181818,1.115021008,19300,11200,1.723214286,
3,003670,20,xg,39,0.384615385,880,1295,0.67953668,13200,25900,0.50965251,
0,003670,50,lg,9,0.444444444,1900,2600,0.730769231,7600,13000,0.584615385,
1,003670,50,dt,34,0.441176471,2173.333333,1826.315789,1.190009606,32600,34700,0.939481268,
2,003670,50,rf,36,0.25,900,1153.846154,0.78,8100,30000,0.27,
3,003670,50,xg,44,0.386363636,1323.529412,808,1.63803145,22500,20200,1.113861386,
0,003670,100,lg,17,0.235294118,1525,1208.333333,1.262068966,6100,14500,0.420689655,
1,003670,100,dt,17,0.529411765,1488.888889,1957.142857,0.760746148,13400,13700,0.97810219,
2,003670,100,rf,38,0.368421053,2114.285714,1382.608696,1.529200359,29600,31800,0.93081761,
3,003670,100,xg,33,0.515151515,1688.235294,1187.5,1.421671827,28700,19000,1.510526316,
0,003670,150,lg,18,0.277777778,1280,1866.666667,0.685714286,6400,22400,0.285714286,
1,003670,150,dt,28,0.357142857,1470,1811.764706,0.811363636,14700,30800,0.477272727,
2,003670,150,rf,30,0.466666667,1878.571429,1331.25,1.411133467,26300,21300,1.234741784,
3,003670,150,xg,29,0.448275862,1730.769231,1614.285714,1.072157931,22500,22600,0.995575221,
0,003670,200,lg,19,0.315789474,1433.333333,1669.230769,0.858678955,8600,21700,0.396313364,
1,003670,200,dt,18,0.611111111,709.0909091,2200,0.32231405,7800,15400,0.506493506,
2,003670,200,rf,23,0.47826087,836.3636364,1072.727273,0.779661017,9200,11800,0.779661017,
3,003670,200,xg,29,0.413793103,1200,1058.823529,1.133333333,14400,18000,0.8,
0,003670,250,lg,20,0.3,1516.666667,1075,1.410852713,9100,12900,0.705426357,
1,003670,250,dt,18,0.5,811.1111111,1322.222222,0.613445378,7300,11900,0.613445378,
2,003670,250,rf,24,0.416666667,1710,792.8571429,2.156756757,17100,11100,1.540540541,
3,003670,250,xg,37,0.486486486,1700,1350,1.259259259,30600,24300,1.259259259,
0,032830,20,lg,37,0.567567568,1252.380952,956.25,1.309679427,26300,15300,1.718954248,3.6
1,032830,20,dt,15,0.6,911.1111111,2060,0.442286947,8200,10300,0.796116505,
2,032830,20,rf,38,0.605263158,1069.565217,1328.571429,0.805049088,24600,18600,1.322580645,
3,032830,20,xg,31,0.612903226,1705.263158,818.1818182,2.084210526,32400,9000,3.6,
0,032830,50,lg,5,0.4,1300,2366.666667,0.549295775,2600,7100,0.366197183,
1,032830,50,dt,30,0.366666667,1718.181818,833.3333333,2.061818182,18900,15000,1.26,
2,032830,50,rf,37,0.459459459,1594.117647,1138.888889,1.399713056,27100,20500,1.32195122,
3,032830,50,xg,19,0.526315789,1710,887.5,1.926760563,17100,7100,2.408450704,
0,032830,100,lg,27,0.666666667,1150,1811.111111,0.634969325,20700,16300,1.26993865,
1,032830,100,dt,24,0.458333333,2309.090909,1550,1.48973607,25400,18600,1.365591398,
2,032830,100,rf,38,0.447368421,1705.882353,1089.473684,1.565785735,29000,20700,1.400966184,
3,032830,100,xg,24,0.541666667,1984.615385,954.5454545,2.079120879,25800,10500,2.457142857,
0,032830,150,lg,20,0.7,928.5714286,966.6666667,0.960591133,13000,5800,2.24137931,
1,032830,150,dt,31,0.387096774,2083.333333,1441.176471,1.445578231,25000,24500,1.020408163,
2,032830,150,rf,32,0.4375,2157.142857,1283.333333,1.680890538,30200,23100,1.307359307,
3,032830,150,xg,31,0.612903226,1394.736842,1266.666667,1.101108033,26500,15200,1.743421053,
0,032830,200,lg,21,0.714285714,966.6666667,1033.333333,0.935483871,14500,6200,2.338709677,
1,032830,200,dt,13,0.538461538,3700,1916.666667,1.930434783,25900,11500,2.252173913,
2,032830,200,rf,32,0.53125,1452.941176,933.3333333,1.556722689,24700,14000,1.764285714,
3,032830,200,xg,15,0.6,2388.888889,1833.333333,1.303030303,21500,11000,1.954545455,
0,032830,250,lg,16,0.5625,1177.777778,742.8571429,1.585470085,10600,5200,2.038461538,
1,032830,250,dt,17,0.588235294,2300,2114.285714,1.087837838,23000,14800,1.554054054,
2,032830,250,rf,22,0.5,1809.090909,780,2.319347319,19900,7800,2.551282051,
3,032830,250,xg,18,0.444444444,1825,1566.666667,1.164893617,14600,14100,1.035460993,
0,011200,20,lg,33,0.545454545,1205.555556,1386.666667,0.869391026,21700,20800,1.043269231,2.356521739
1,011200,20,dt,19,0.473684211,1122.222222,1410,0.795902285,10100,14100,0.716312057,
2,011200,20,rf,27,0.333333333,1155.555556,966.6666667,1.195402299,10400,14500,0.717241379,
3,011200,20,xg,26,0.5,1153.846154,1292.307692,0.892857143,15000,16800,0.892857143,
0,011200,50,lg,10,0.4,675,833.3333333,0.81,2700,5000,0.54,
1,011200,50,dt,32,0.5,806.25,1485.714286,0.542668269,12900,20800,0.620192308,
2,011200,50,rf,33,0.454545455,1286.666667,1293.333333,0.994845361,19300,19400,0.994845361,
3,011200,50,xg,23,0.565217391,915.3846154,1622.222222,0.564278188,11900,14600,0.815068493,
0,011200,100,lg,9,0.222222222,2750,928.5714286,2.961538462,5500,6500,0.846153846,
1,011200,100,dt,27,0.444444444,1675,950,1.763157895,20100,13300,1.511278195,
2,011200,100,rf,19,0.368421053,1371.428571,1711.111111,0.80148423,9600,15400,0.623376623,
3,011200,100,xg,23,0.47826087,990.9090909,1381.818182,0.717105263,10900,15200,0.717105263,
0,011200,150,lg,7,0.428571429,1800,1700,1.058823529,5400,6800,0.794117647,
1,011200,150,dt,21,0.571428571,1483.333333,1733.333333,0.855769231,17800,15600,1.141025641,
2,011200,150,rf,23,0.47826087,1236.363636,1636.363636,0.755555556,13600,18000,0.755555556,
3,011200,150,xg,22,0.363636364,737.5,1321.428571,0.558108108,5900,18500,0.318918919,
0,011200,200,lg,7,0.428571429,1800,1700,1.058823529,5400,6800,0.794117647,
1,011200,200,dt,26,0.538461538,1935.714286,958.3333333,2.019875776,27100,11500,2.356521739,
2,011200,200,rf,13,0.461538462,766.6666667,2733.333333,0.280487805,4600,16400,0.280487805,
3,011200,200,xg,26,0.461538462,1108.333333,1269.230769,0.873232323,13300,16500,0.806060606,
0,011200,250,lg,9,0.333333333,900,1683.333333,0.534653465,2700,10100,0.267326733,
1,011200,250,dt,23,0.47826087,1890.909091,800,2.363636364,20800,9600,2.166666667,
2,011200,250,rf,20,0.55,718.1818182,2311.111111,0.310751748,7900,20800,0.379807692,
3,011200,250,xg,15,0.533333333,537.5,1485.714286,0.361778846,4300,10400,0.413461538,
0,086790,20,lg,28,0.607142857,1794.117647,1140,1.57378741,30500,11400,2.675438596,3.128205128
1,086790,20,dt,27,0.296296296,2337.5,1622.222222,1.440924658,18700,29200,0.640410959,
2,086790,20,rf,52,0.423076923,1190.909091,973.3333333,1.223536737,26200,29200,0.897260274,
3,086790,20,xg,31,0.548387097,1417.647059,1271.428571,1.115003305,24100,17800,1.353932584,
0,086790,50,lg,13,0.461538462,750,2414.285714,0.310650888,4500,16900,0.266272189,
1,086790,50,dt,26,0.538461538,885.7142857,1333.333333,0.664285714,12400,16000,0.775,
2,086790,50,rf,43,0.372093023,1100,852,1.291079812,17600,21300,0.82629108,
3,086790,50,xg,32,0.34375,700,1135,0.616740088,7700,22700,0.339207048,
0,086790,100,lg,30,0.7,1414.285714,1533.333333,0.922360248,29700,13800,2.152173913,
1,086790,100,dt,38,0.394736842,1720,1152.173913,1.492830189,25800,26500,0.973584906,
2,086790,100,rf,40,0.475,1552.631579,1223.809524,1.268687282,29500,25700,1.147859922,
3,086790,100,xg,37,0.513513514,1089.473684,1117.647059,0.974792244,20700,19000,1.089473684,
0,086790,150,lg,30,0.666666667,1525,1090,1.399082569,30500,10900,2.798165138,
1,086790,150,dt,34,0.529411765,944.4444444,1543.75,0.611785875,17000,24700,0.688259109,
2,086790,150,rf,40,0.525,1666.666667,1433.333333,1.162790698,35000,25800,1.356589147,
3,086790,150,xg,26,0.538461538,1650,2118.181818,0.778969957,23100,23300,0.991416309,
0,086790,200,lg,28,0.607142857,1729.411765,981.8181818,1.761437908,29400,10800,2.722222222,
1,086790,200,dt,12,0.666666667,3050,1950,1.564102564,24400,7800,3.128205128,
2,086790,200,rf,28,0.428571429,2225,1156.25,1.924324324,26700,18500,1.443243243,
3,086790,200,xg,32,0.34375,1000,1095,0.913242009,11000,21900,0.502283105,
0,086790,250,lg,26,0.653846154,1570.588235,1422.222222,1.104319853,26700,12800,2.0859375,
1,086790,250,dt,27,0.481481481,1423.076923,1383.333333,1.028730306,18500,16600,1.114457831,
2,086790,250,rf,20,0.7,2078.571429,1750,1.187755102,29100,10500,2.771428571,
3,086790,250,xg,34,0.411764706,1464.285714,1320,1.109307359,20500,26400,0.776515152,
0,017670,20,lg,19,0.631578947,1041.666667,1385.714286,0.751718213,12500,9700,1.288659794,3.013157895
1,017670,20,dt,33,0.454545455,1253.333333,1578.571429,0.793966817,18800,22100,0.850678733,
2,017670,20,rf,38,0.526315789,1180,964.7058824,1.223170732,23600,16400,1.43902439,
3,017670,20,xg,37,0.702702703,1100,1681.818182,0.654054054,28600,18500,1.545945946,
0,017670,50,lg,10,0.6,1600,2200,0.727272727,9600,8800,1.090909091,
1,017670,50,dt,32,0.5625,1322.222222,2000,0.661111111,23800,26000,0.915384615,
2,017670,50,rf,46,0.565217391,1165.384615,1161.111111,1.00368053,30300,20900,1.449760766,
3,017670,50,xg,26,0.615384615,1431.25,760,1.883223684,22900,7600,3.013157895,
0,017670,100,lg,33,0.515151515,1664.705882,1240,1.342504744,28300,18600,1.521505376,
1,017670,100,dt,23,0.347826087,2112.5,1260,1.676587302,16900,18900,0.894179894,
2,017670,100,rf,46,0.47826087,1604.545455,742.8571429,2.159965035,35300,15600,2.262820513,
3,017670,100,xg,40,0.525,1333.333333,1355.555556,0.983606557,28000,24400,1.147540984,
0,017670,150,lg,28,0.571428571,1481.25,1408.333333,1.051775148,23700,16900,1.402366864,
1,017670,150,dt,16,0.25,1175,858.3333333,1.368932039,4700,10300,0.45631068,
2,017670,150,rf,42,0.5,1347.619048,900,1.497354497,28300,18900,1.497354497,
3,017670,150,xg,45,0.6,1470.37037,1235.294118,1.190299824,39700,21000,1.89047619,
0,017670,200,lg,27,0.555555556,1560,1500,1.04,23400,18000,1.3,
1,017670,200,dt,21,0.571428571,1008.333333,1322.222222,0.762605042,12100,11900,1.016806723,
2,017670,200,rf,37,0.486486486,1711.111111,1055.555556,1.621052632,30800,19000,1.621052632,
3,017670,200,xg,39,0.58974359,1647.826087,940,1.753006475,37900,14100,2.687943262,
0,017670,250,lg,30,0.566666667,1511.764706,1508.333333,1.002274943,25700,18100,1.419889503,
1,017670,250,dt,19,0.421052632,937.5,1327.272727,0.706335616,7500,14600,0.51369863,
2,017670,250,rf,40,0.375,1433.333333,1186.956522,1.207570208,21500,27300,0.787545788,
3,017670,250,xg,44,0.545454545,1362.5,726.3157895,1.875905797,32700,13800,2.369565217,
0,051900,20,lg,21,0.476190476,2370,1690,1.402366864,23700,16900,1.402366864,3.725
1,051900,20,dt,8,0.5,725,700,1.035714286,2900,2800,1.035714286,
2,051900,20,rf,44,0.477272727,1795.238095,1239.130435,1.448788638,37700,28500,1.322807018,
3,051900,20,xg,31,0.516129032,1562.5,1073.333333,1.455745342,25000,16100,1.552795031,
0,051900,50,lg,9,0.333333333,2500,1116.666667,2.23880597,7500,6700,1.119402985,
1,051900,50,dt,34,0.470588235,1475,1188.888889,1.240654206,23600,21400,1.102803738,
2,051900,50,rf,39,0.41025641,1756.25,1150,1.527173913,28100,25300,1.110671937,
3,051900,50,xg,16,0.375,1400,937.5,1.493333333,8400,7500,1.12,
0,051900,100,lg,24,0.5,1508.333333,700,2.154761905,18100,7700,2.350649351,
1,051900,100,dt,37,0.513513514,1478.947368,1555.555556,0.95075188,28100,28000,1.003571429,
2,051900,100,rf,40,0.55,1127.272727,1244.444444,0.905844156,24800,22400,1.107142857,
3,051900,100,xg,23,0.52173913,1583.333333,990.9090909,1.597859327,19000,10900,1.743119266,
0,051900,150,lg,20,0.6,1241.666667,571.4285714,2.172916667,14900,4000,3.725,
1,051900,150,dt,23,0.434782609,2340,2525,0.926732673,23400,30300,0.772277228,
2,051900,150,rf,35,0.571428571,1300,2107.692308,0.616788321,26000,27400,0.948905109,
3,051900,150,xg,30,0.5,1266.666667,1421.428571,0.891122278,19000,19900,0.954773869,
0,051900,200,lg,18,0.555555556,1320,771.4285714,1.711111111,13200,5400,2.444444444,
1,051900,200,dt,15,0.533333333,2050,2550,0.803921569,16400,15300,1.071895425,
2,051900,200,rf,17,0.529411765,2044.444444,1787.5,1.143745144,18400,14300,1.286713287,
3,051900,200,xg,24,0.541666667,1338.461538,1618.181818,0.827139153,17400,17800,0.97752809,
0,051900,250,lg,20,0.6,1141.666667,714.2857143,1.598333333,13700,5000,2.74,
1,051900,250,dt,23,0.434782609,2540,1723.076923,1.474107143,25400,22400,1.133928571,
2,051900,250,rf,27,0.62962963,1429.411765,2110,0.677446334,24300,21100,1.151658768,
3,051900,250,xg,29,0.517241379,1626.666667,1225,1.327891156,24400,14700,1.659863946,
0,010130,20,lg,26,0.5,1623.076923,1592.307692,1.019323671,21100,20700,1.019323671,1.520710059
1,010130,20,dt,28,0.321428571,2855.555556,994.1176471,2.872452334,25700,16900,1.520710059,
2,010130,20,rf,35,0.428571429,1273.333333,989.4736842,1.286879433,19100,18800,1.015957447,
3,010130,20,xg,42,0.5,1261.904762,1310,0.963286078,26500,26200,1.011450382,
0,010130,50,lg,12,0.5,1283.333333,2066.666667,0.620967742,7700,12400,0.620967742,
1,010130,50,dt,37,0.513513514,1610.526316,1866.666667,0.862781955,30600,33600,0.910714286,
2,010130,50,rf,40,0.4,1237.5,1190.47619,1.0395,19800,25000,0.792,
3,010130,50,xg,26,0.384615385,1730,1764.285714,0.980566802,17300,24700,0.700404858,
0,010130,100,lg,26,0.384615385,690,1492.857143,0.462200957,6900,20900,0.330143541,
1,010130,100,dt,28,0.464285714,838.4615385,1786.666667,0.469288175,10900,26800,0.406716418,
2,010130,100,rf,33,0.545454545,1200,1228.571429,0.976744186,21600,17200,1.255813953,
3,010130,100,xg,27,0.481481481,1146.153846,1307.692308,0.876470588,14900,17000,0.876470588,
0,010130,150,lg,20,0.45,677.7777778,1790.909091,0.378454597,6100,19700,0.30964467,
1,010130,150,dt,28,0.428571429,1958.333333,1493.333333,1.311383929,23500,22400,1.049107143,
2,010130,150,rf,34,0.5,1182.352941,2060,0.573957738,20100,30900,0.650485437,
3,010130,150,xg,28,0.5,1828.571429,1735.714286,1.053497942,25600,24300,1.053497942,
0,010130,200,lg,16,0.375,400,2030,0.197044335,2400,20300,0.118226601,
1,010130,200,dt,19,0.578947368,1427.272727,3012.5,0.473783478,15700,24100,0.651452282,
2,010130,200,rf,21,0.523809524,1236.363636,2925,0.422688423,13600,23400,0.581196581,
3,010130,200,xg,24,0.416666667,2350,1869.230769,1.257201646,23500,24300,0.967078189,
0,010130,250,lg,20,0.5,700,1600,0.4375,7000,16000,0.4375,
1,010130,250,dt,32,0.40625,1315.384615,1715.789474,0.766635205,17100,32600,0.524539877,
2,010130,250,rf,36,0.444444444,1556.25,1325,1.174528302,24900,26500,0.939622642,
3,010130,250,xg,28,0.5,1542.857143,1553.846154,0.992927864,21600,20200,1.069306931,
0,033780,20,lg,32,0.53125,1758.823529,1113.333333,1.579781613,29900,16700,1.790419162,6.605263158
1,033780,20,dt,13,0.230769231,1000,1900,0.526315789,3000,17100,0.175438596,
2,033780,20,rf,33,0.454545455,1520,1455.555556,1.044274809,22800,26200,0.870229008,
3,033780,20,xg,26,0.576923077,966.6666667,1380,0.700483092,14500,13800,1.050724638,
0,033780,50,lg,4,0.75,2366.666667,3000,0.788888889,7100,3000,2.366666667,
1,033780,50,dt,20,0.5,1610,860,1.872093023,16100,8600,1.872093023,
2,033780,50,rf,40,0.4,1468.75,1185.714286,1.238704819,23500,24900,0.9437751,
3,033780,50,xg,23,0.434782609,990,933.3333333,1.060714286,9900,11200,0.883928571,
0,033780,100,lg,24,0.458333333,1909.090909,961.5384615,1.985454545,21000,12500,1.68,
1,033780,100,dt,20,0.6,1783.333333,2300,0.775362319,21400,18400,1.163043478,
2,033780,100,rf,40,0.5,1190,1300,0.915384615,23800,24700,0.963562753,
3,033780,100,xg,30,0.4,1175,1350,0.87037037,14100,21600,0.652777778,
0,033780,150,lg,18,0.388888889,2542.857143,990.9090909,2.566186107,17800,10900,1.633027523,
1,033780,150,dt,16,0.1875,4733.333333,1858.333333,2.547085202,14200,22300,0.6367713,
2,033780,150,rf,39,0.615384615,1554.166667,1286.666667,1.207901554,37300,19300,1.932642487,
3,033780,150,xg,36,0.5,1605.555556,1641.176471,0.9782955,28900,27900,1.035842294,
0,033780,200,lg,19,0.473684211,2088.888889,920,2.270531401,18800,9200,2.043478261,
1,033780,200,dt,15,0.4,2216.666667,1942.857143,1.140931373,13300,13600,0.977941176,
2,033780,200,rf,39,0.538461538,1133.333333,1268.75,0.893267652,23800,20300,1.172413793,
3,033780,200,xg,30,0.4,2600,1846.666667,1.407942238,31200,27700,1.126353791,
0,033780,250,lg,17,0.411764706,2428.571429,1100,2.207792208,17000,11000,1.545454545,
1,033780,250,dt,21,0.80952381,1476.470588,950,1.554179567,25100,3800,6.605263158,
2,033780,250,rf,29,0.586206897,1523.529412,1366.666667,1.114777618,25900,16400,1.579268293,
3,033780,250,xg,27,0.481481481,1623.076923,1300,1.24852071,21100,16900,1.24852071,
